{
  "dashboardTitle": "Environmental Impact Dashboard",
  "personalImpact": "Personal Impact",
  "communityImpact": "Community Impact",
  "fetchError": "Failed to fetch environmental data.",
  "loading": "Loading...",
  "noPersonalData": "No personal data available.",
  "noCommunityData": "No community data available.",
  "carbonSaved": "Carbon Saved",
  "waterSaved": "Water Saved",
  "communityRank": "Community Rank",
  "carbonEquivalence": "Carbon Equivalences",
  "materialsBreakdown": "Materials Breakdown",
  "trendChart": "Trend Chart",
  "allTimeImpact": "All-Time Impact",
  "totalRecycled": "Total Recycled",
  "totalCarbon": "Total Carbon Saved",
  "completedPickups": "Completed Pickups",
  "communityCarbonSaved": "Community Carbon Saved",
  "communityWaterSaved": "Community Water Saved",
  "activeUsers": "Active Users",
  "communityCarbonEquivalence": "Community Carbon Equivalences",
  "communityWaterEquivalence": "Community Water Equivalences",
  "leaderboard": "Leaderboard",
  "noLeaderboardData": "No leaderboard data.",
  "pastWeek": "Past Week",
  "pastMonth": "Past Month",
  "pastYear": "Past Year",
  "allTime": "All Time",
  "carKilometers": "Car Kilometers",
  "kmDriven": "Kilometers Driven",
  "treesMonthly": "Monthly Trees Absorption",
  "treesAbsorbing": "Trees Absorbing CO₂",
  "meatMeals": "Meat Meals Avoided",
  "mealsAvoided": "Meals Avoided",
  "showerMinutes": "Shower Minutes",
  "minutesShowering": "Minutes Showering",
  "toiletFlushes": "Toilet Flushes",
  "flushes": "Flushes",
  "drinkingDays": "Drinking Water Days",
  "daysOfWater": "Days of Drinking Water",
  "noMaterials": "No materials data.",
  "noTrendData": "No trend data available."
}
