{
  "dashboardTitle": "لوحة الأثر البيئي",
  "personalImpact": "الأثر الشخصي",
  "communityImpact": "أثر المجتمع",
  "fetchError": "تعذر جلب بيانات البيئة.",
  "loading": "جاري التحميل...",
  "noPersonalData": "لا توجد بيانات شخصية متاحة.",
  "noCommunityData": "لا توجد بيانات مجتمعية متاحة.",
  "carbonSaved": "الكربون الموفَّر",
  "waterSaved": "الماء الموفَّر",
  "communityRank": "ترتيب المجتمع",
  "carbonEquivalence": "معادلات الكربون",
  "materialsBreakdown": "تفصيل المواد",
  "trendChart": "مخطط الاتجاه",
  "allTimeImpact": "الأثر الكلي",
  "totalRecycled": "إجمالي المعاد تدويره",
  "totalCarbon": "إجمالي الكربون الموفَّر",
  "completedPickups": "عمليات الجمع المنجزة",
  "communityCarbonSaved": "الكربون الموفَّر للمجتمع",
  "communityWaterSaved": "الماء الموفَّر للمجتمع",
  "activeUsers": "المستخدمون النشطون",
  "communityCarbonEquivalence": "معادلات الكربون للمجتمع",
  "communityWaterEquivalence": "معادلات الماء للمجتمع",
  "leaderboard": "لوحة الصدارة",
  "noLeaderboardData": "لا توجد بيانات للصدارة.",
  "pastWeek": "الأسبوع الماضي",
  "pastMonth": "الشهر الماضي",
  "pastYear": "السنة الماضية",
  "allTime": "كل الوقت",
  "carKilometers": "كيلومترات السيارة",
  "kmDriven": "كيلومترات مقطوعة",
  "treesMonthly": "امتصاص الأشجار الشهري",
  "treesAbsorbing": "أشجار تمتص ثاني أكسيد الكربون",
  "meatMeals": "وجبات اللحوم المجنبة",
  "mealsAvoided": "وجبات مجنبة",
  "showerMinutes": "دقائق الاستحمام",
  "minutesShowering": "دقائق الاستحمام",
  "toiletFlushes": "مرات سحب المرحاض",
  "flushes": "سحوبات",
  "drinkingDays": "أيام مياه الشرب",
  "daysOfWater": "أيام مياه الشرب",
  "noMaterials": "لا توجد بيانات للمواد.",
  "noTrendData": "لا توجد بيانات للاتجاه."
}
